{"cameraMode":{"drawMode":0,"name":"Shaded","section":"Shading Mode"},"sceneLighting":true,"audioPlay":false,"sceneViewState":{"m_AlwaysRefresh":false,"showFog":false,"showSkybox":false,"showFlares":true,"showImageEffects":false,"showParticleSystems":true,"showVisualEffectGraphs":true,"m_FxEnabled":false},"in2DMode":false,"pivot":{"x":1.8970974683761597,"y":-315.63494873046877,"z":-68.93427276611328},"rotation":{"x":0.7228134274482727,"y":0.005182537715882063,"z":-0.0054212394170463089,"w":0.690996527671814},"size":163.09776306152345,"orthographic":true}